도서관명,시도명,시군구명,도서관유형,휴관일,평일운영시작시각,평일운영종료시각,토요일운영시작시각,토요일운영종료시각,공휴일운영시작시각,공휴일운영종료시각,열람좌석수,자료수(도서),자료수(연속간행물),자료수(비도서),대출가능권수,대출가능일수,소재지도로명주소,운영기관명,도서관전화번호,부지면적,건물면적,홈페이지주소,위도,경도,데이터기준일자,제공기관코드,제공기관명
에이스문고,광주광역시,북구,작은도서관,매주 일요일,11:00,18:00,11:00,14:00,00:00,00:00,20,1200,1,5,3,7,광주광역시 북구 설죽로389번길 71(삼각동),,062-575-7171,,39.6,,35.19601189,126.8987679,2020-07-03,3620000,광주광역시 북구
꿈나무 작은도서관,광주광역시,북구,작은도서관,"매주 토·일요일, 국가지정공휴일",09:00,18:00,00:00,00:00,00:00,00:00,18,7654,2,0,5,15,광주광역시 북구 중문로 58 북구꿈나무복지센터,꿈나무사회복지관,062-410-8940,,103.7,,35.1778236,126.9181999,2020-07-03,3620000,광주광역시 북구
동림동 작은도서관,광주광역시,북구,작은도서관,"매주 일요일, 국가지정공휴일(토요일:13:00-17:00운영)",09:00,18:00,13:00,17:00,00:00,00:00,32,15387,2,0,5,15,광주광역시 북구 북문대로 236 동림동 주민센터 3층,광주광역시 북구 동림동주민센터,062-410-8560,,186.44,,35.1857201,126.85587779999999,2020-07-03,3620000,광주광역시 북구
두암1동 작은도서관,광주광역시,북구,작은도서관,"매주 토·일요일, 국가지정공휴일",09:00,18:00,00:00,00:00,00:00,00:00,20,2940,2,0,5,15,광주광역시 북구 동문대로110번길 77 두암1동 주민센터 2층,광주광역시 북구 두암1동주민센터,062-410-8764,,132.0,,35.1709414,126.9202412,2020-07-03,3620000,광주광역시 북구
새싹들의글방 두암2동 작은도서관,광주광역시,북구,작은도서관,"매주 일요일, 국가지정공휴일",09:00,18:00,09:00,13:00,00:00,00:00,15,5731,2,0,5,15,광주광역시 북구 면앙로192번길 15 두암2동 주민센터 3층,광주광역시 북구 두암2동주민센터,062-410-8779,,115.0,,35.1745684,126.92390420000001,2020-07-03,3620000,광주광역시 북구
고맙습니다. 두암3동 작은도서관,광주광역시,북구,작은도서관,"매주 일요일, 국가지정공휴일(토요일:10시-17시운영)",10:00,17:00,10:00,17:00,00:00,00:00,18,9534,2,0,5,15,광주광역시 북구 삼정로3번길 25 두암3동 주민센터 3층,광주광역시 북구 두암3동주민센터,062-510-1288,,165.0,,35.1630313,126.92602079999999,2020-07-03,3620000,광주광역시 북구
매곡동 작은도서관,광주광역시,북구,작은도서관,"매주 일요일, 국가지정공휴일(토요일:10시-12시운영)",09:00,18:00,10:00,12:00,00:00,00:00,10,3795,2,0,5,15,광주광역시 북구 매곡로69번길 25 매곡동 주민센센터 2층,광주광역시 북구 매곡동주민센터,062-410-8814,,71.0,,35.1896183,126.88339540000001,2020-07-03,3620000,광주광역시 북구
문흥2동 작은도서관,광주광역시,북구,작은도서관,"매주 일요일, 국가지정공휴일(토요일:9시-17시운영)",09:00,18:00,09:00,17:00,00:00,00:00,12,7596,2,0,5,15,광주광역시 북구 문산로 25 문흥2동 주민센터 1층,광주광역시 북구 문흥2동주민센터,062-410-8754,,124.0,,35.1843059,126.9131994,2020-07-03,3620000,광주광역시 북구
삼각동 작은도서관,광주광역시,북구,작은도서관,"매주 토·일요일, 국가지정공휴일",09:00,18:00,00:00,00:00,00:00,00:00,14,3008,2,0,5,15,광주광역시 북구 설죽로 447 삼각동 주민센터 내,광주광역시 북구 삼각동주민센터,062-410-8795,,33.0,,35.1992328,126.89074860000001,2020-07-03,3620000,광주광역시 북구
시화문화마을 작은도서관,광주광역시,북구,작은도서관,"매주 월요일, 국가지정공휴일",09:00,18:00,09:00,18:00,09:00,18:00,60,3604,2,0,5,15,광주광역시 북구 각화대로 91 시화문화마을커뮤너티센터 1층,북구청 주민자치과,062-510-1443,,115.0,,35.1793139,126.9315634,2020-07-03,3620000,광주광역시 북구
신안동 작은도서관,광주광역시,북구,작은도서관,"매주 일요일, 국가지정공휴일(토요일:10시-13시운영)",09:00,18:00,10:00,13:00,00:00,00:00,20,6832,2,0,5,15,광주광역시 북구 자산로 66 신안동 주민자치센테 1층,광주광역시 북구 신안동주민센터,062-410-8653,,120.0,,35.167399700000004,126.88996909999999,2020-07-03,3620000,광주광역시 북구
양산동 작은도서관,광주광역시,북구,작은도서관,"매주 토·일요일, 국가지정공휴일",09:00,18:00,00:00,00:00,00:00,00:00,42,3574,2,0,5,15,광주광역시 북구 연양로 43 양산동 주민센터 2층,광주광역시 북구 양산동주민센터,062-410-8874,,101.0,,35.2077141,126.8665486,2020-07-03,3620000,광주광역시 북구
오치1동 꿈나무 작은도서관,광주광역시,북구,작은도서관,"매주 일요일, 국가지정공휴일(토요일:9시-12시운영)",09:00,18:00,09:00,12:00,00:00,00:00,30,6210,2,0,5,15,광주광역시 북구 우치로274번길 48 오치1동 주민자치센터 2층,광주광역시 북구 오치1동주민센터,062-410-8825,,138.0,,35.18907960000001,126.89941029999999,2020-07-03,3620000,광주광역시 북구
오치2동 작은도서관,광주광역시,북구,작은도서관,"매주 토·일요일, 국가지정공휴일",09:00,18:00,00:00,00:00,00:00,00:00,12,7056,2,0,5,15,광주광역시 북구 서하로183번길 29 오치2동 주민센터 1층,광주광역시 북구 오치2동주민센터,062-410-8834,,87.0,,35.1900903,126.8917624,2020-07-03,3620000,광주광역시 북구
용봉 작은도서관,광주광역시,북구,작은도서관,"매주 일·월요일, 국가지정공휴일",09:00,18:00,09:00,18:00,00:00,00:00,20,7999,2,0,5,15,광주광역시 북구 설죽로415번길 16 용봉동 노인복지회관 2층,광주광역시 북구 도서관과,062-510-1349,,136.0,,35.1803725,126.8924532,2020-07-03,3620000,광주광역시 북구
운암1동 큰꿈 작은도서관,광주광역시,북구,작은도서관,"매주 토·일요일, 국가지정공휴일",09:00,18:00,00:00,00:00,00:00,00:00,8,4864,2,0,5,15,광주광역시 북구 서강로54번길 28 운암1동 주민자치센터 1층,광주광역시 북구 운암1동주민센터,062-410-8677,,33.0,,35.1748622,126.8657311,2020-07-03,3620000,광주광역시 북구
운암2동 작은도서관,광주광역시,북구,작은도서관,"매주 토·일요일, 국가지정공휴일",09:00,18:00,00:00,00:00,00:00,00:00,7,2921,2,0,5,15,광주광역시 북구 북문대로 23 운암2치안센터 운암2동 주민자치센터 1층,광주광역시 북구 운암2동주민센터,062-410-8685,,60.0,,35.1741064,126.88262659999998,2020-07-03,3620000,광주광역시 북구
운암3동 황계 작은도서관,광주광역시,북구,작은도서관,"매주 토·일요일, 국가지정공휴일",09:30,18:00,00:00,00:00,00:00,00:00,8,10508,2,0,5,15,광주광역시 북구 서강로 129 운암3동 주민센터3층,광주광역시 북구 운암3동주민센터,062-410-8695,,116.0,,35.1827847,126.8655747,2020-07-03,3620000,광주광역시 북구
임동작은도서관,광주광역시,북구,작은도서관,"매주 토·일요일, 국가지정공휴일",13:00,18:00,00:00,00:00,00:00,00:00,60,2206,0,0,5,15,"광주광역시 북구 서림로 109-1, 3층",광주광역시 북구 도서관과,062-510-1233,,219.45,,35.1619580415,126.8980506086,2020-07-03,3620000,광주광역시 북구
중앙동 작은도서관,광주광역시,북구,작은도서관,"매주 토·일요일, 국가지정공휴일",09:00,18:00,00:00,00:00,00:00,00:00,9,2545,2,0,5,15,광주광역시 북구 금재로 30 중앙동 주민자치센테 내,광주광역시 북구 중앙동주민센터,062-410-8633,,33.0,,35.1573194,126.8978966,2020-07-03,3620000,광주광역시 북구
중흥1동 작은도서관,광주광역시,북구,작은도서관,"매주 토·일요일, 국가지정공휴일",09:00,18:00,00:00,00:00,00:00,00:00,12,2796,2,0,5,15,광주광역시 북구 중흥로183번길 7 중흥1동 주민센터 2층,광주광역시 북구 중흥1동주민센터,062-410-8604,,44.0,,35.1616281,126.905227,2020-07-03,3620000,광주광역시 북구
징검다리 작은도서관,광주광역시,북구,작은도서관,"매주 토·일요일, 국가지정공휴일",09:00,18:00,00:00,00:00,00:00,00:00,30,8160,2,0,5,15,광주광역시 북구 하서로 195 다문화가족지원센터 3층,북구다문화가족지원센터,070-8768-9462,,112.0,,35.1929226,126.8674267,2020-07-03,3620000,광주광역시 북구
풍향동 작은도서관,광주광역시,북구,작은도서관,"매주 토·일요일, 국가지정공휴일",09:00,18:00,00:00,00:00,00:00,00:00,50,4226,2,0,5,15,광주광역시 북구 필문대로29번길 10 풍향동 주민센터 1층,광주광역시 북구 풍향동주민센터,062-410-8727,,67.74,,35.1644018,126.9231959,2020-07-03,3620000,광주광역시 북구
햇살마루 작은도서관,광주광역시,북구,작은도서관,"매주 일요일, 국가지정공휴일(토요일:10시-16시운영)",10:00,17:00,10:00,16:00,00:00,00:00,20,12300,0,0,5,15,광주광역시 북구 대천로 86 청소년수련관내,북구청소년수련관,062-267-7279,,130.0,,35.1842638,126.9172348,2020-07-03,3620000,광주광역시 북구
BS작은도서관,광주광역시,북구,작은도서관,매주 토·일요일,12:00,18:00,00:00,00:00,00:00,00:00,16,1000,0,0,3,7,광주광역시 북구 반룡로 33 (용봉동),,062-527-2733,,82.0,,35.17923095,126.90155530000001,2020-07-03,3620000,광주광역시 북구
CUM역사도서관,광주광역시,북구,작은도서관,매주 일요일,12:00,19:00,12:00,19:00,00:00,00:00,12,1200,0,0,3,7,광주광역시 북구 황계로55번길 18(운암동),,062-511-0885,,90.0,,35.17815396,126.87527490000001,2020-07-03,3620000,광주광역시 북구
ESR작은도서관,광주광역시,북구,작은도서관,매주 일요일,10:00,18:00,10:00,13:00,00:00,00:00,20,6120,2,774,3,7,"광주광역시 북구 설죽로 315번길 11 ,2층 (매곡동, 동남맨션상가)",,062-574-0579,,47.0,,35.18802087,126.89709579999999,2020-07-03,3620000,광주광역시 북구
가람문고,광주광역시,북구,작은도서관,매주 토·일요일,10:00,18:00,10:00,13:00,00:00,00:00,22,1084,0,0,3,7,"광주광역시 북구 서하로 314-1(오치동, 2층)",,070-7755-4028,,48.7,,35.186682700000006,126.91495859999999,2020-07-03,3620000,광주광역시 북구
각화문고,광주광역시,북구,작은도서관,매주 토·일요일,11:00,19:00,11:00,16:00,00:00,00:00,15,2000,0,0,3,7,광주광역시 북구 군왕로 202(각화동),,062-265-2525,,33.0,,35.17880671,126.93550490000001,2020-07-03,3620000,광주광역시 북구
강변문고,광주광역시,북구,작은도서관,매주 일요일,10:00,17:00,10:00,17:00,00:00,00:00,30,2168,0,0,3,7,광주광역시 북구 두방길 93(두암동),,062-526-4692,,45.0,,35.16553623,126.9309712,2020-07-03,3620000,광주광역시 북구
개똥벌레어린이도서관,광주광역시,북구,작은도서관,매주 일요일,10:00,18:00,10:00,18:00,00:00,00:00,8,3886,0,0,3,7,광주광역시 북구 군왕로 122(두암동),,062-265-0197,,164.93,,35.17207035,126.9328889,2020-07-03,3620000,광주광역시 북구
광주아름다운작은도서관,광주광역시,북구,작은도서관,없음,10:00,18:00,10:00,18:00,00:00,00:00,20,3500,0,0,3,7,광주광역시 북구 일곡마을로 78(일곡동),,062-572-0309,,82.5,,35.20557171,126.89257990000002,2020-07-03,3620000,광주광역시 북구
그리심문고,광주광역시,북구,작은도서관,매주 일요일,10:00,18:00,09:00,18:00,00:00,00:00,62,4000,0,0,3,7,광주광역시 북구 풍동길 20(풍향동),,062-515-8209,,99.0,,35.16605338,126.9216977,2020-07-03,3620000,광주광역시 북구
기쁘고즐거운도서관,광주광역시,북구,작은도서관,매주 일요일,10:00,20:00,10:00,18:00,00:00,00:00,30,2500,2,0,3,7,"광주광역시 북구 북문대로 7, 1층(운암동)",,062-401-4800,,91.11,,35.17329157,126.88386670000001,2020-07-03,3620000,광주광역시 북구
꿈꾸는아이들,광주광역시,북구,작은도서관,매주 토·일요일,10:00,19:00,00:00,00:00,00:00,00:00,10,3000,0,0,3,7,"광주광역시 북구 하백로 13, 4층(매곡동, 용남빌딩)",,070-4134-7942,,40.0,,35.18866767,126.8905028,2020-07-03,3620000,광주광역시 북구
꿈나무도서관,광주광역시,북구,작은도서관,매주 토·일요일,10:00,19:00,10:00,18:00,00:00,00:00,8,1700,0,0,3,7,광주광역시 북구 서방로 37(중흥동),,062-264-9311,,99.0,,35.17307728,126.91706289999999,2020-07-03,3620000,광주광역시 북구
꿈드림작은도서관,광주광역시,북구,작은도서관,매주 일요일,10:00,18:00,10:00,18:00,00:00,00:00,24,1000,0,0,3,7,"광주광역시 북구 임방울대로 1042번길 14-1, 2층",,000-000-0000,,72.0,,35.21003132,126.870205,2020-07-03,3620000,광주광역시 북구
꿈이있는작은도서관,광주광역시,북구,작은도서관,매주 일요일,10:30,17:00,10:40,16:00,00:00,00:00,23,2500,0,0,3,7,광주광역시 북구 반룡로 8(용봉동),,062-523-6723,,54.05,,35.179357,126.898885,2020-07-03,3620000,광주광역시 북구
꿈틀어린이작은도서관,광주광역시,북구,작은도서관,매주 일·월요일,10:00,17:00,10:00,16:00,00:00,00:00,25,1400,0,0,3,7,광주광역시 북구 첨단연신로107번길45-22(신용동),,062-714-3706,,99.0,,35.20654866,126.860621,2020-07-03,3620000,광주광역시 북구
늘해랑작은도서관,광주광역시,북구,작은도서관,매주 일요일,10:00,21:00,10:00,14:00,00:00,00:00,8,3000,0,0,3,7,광주광역시 북구 서방로63번길 64(우산동),,062-401-2646,,47.75,,35.17508448,126.92091629999999,2020-07-03,3620000,광주광역시 북구
늘행복한작은도서관,광주광역시,북구,작은도서관,매주 일요일,10:00,19:00,09:00,14:00,00:00,00:00,15,1600,3,2,3,7,광주광역시 북구 송해로 7(삼각동),,062-574-5558,,46.0,,35.19915803,126.90146100000001,2020-07-03,3620000,광주광역시 북구
다솜울작은도서관,광주광역시,북구,작은도서관,매주 일요일,09:00,18:00,09:00,13:00,00:00,00:00,8,9950,0,0,3,7,광주광역시 북구 군왕로207번길 16(각화동),,062-265-1052,,59.4,,35.17981602,126.9351001,2020-07-03,3620000,광주광역시 북구
다솜작은도서관,광주광역시,북구,작은도서관,매주 토·일요일,09:00,18:00,00:00,00:00,00:00,00:00,30,1434,0,0,3,7,"광주광역시 북구 첨단연신로 250(건국동, 첨단휴먼시아1단지)",,062-573-0114,,50.25,,35.2065782,126.85811709999999,2020-07-03,3620000,광주광역시 북구
도담도담어린이도서관,광주광역시,북구,작은도서관,매주 토·일요일,09:00,17:00,00:00,00:00,00:00,00:00,20,15000,0,0,3,7,광주광역시 북구 우치로 45(중흥동),,062-514-8291,,56.0,,35.17162026,126.91137379999999,2020-07-03,3620000,광주광역시 북구
동이트는작은도서관,광주광역시,북구,작은도서관,없음,09:00,23:50,09:00,23:50,00:00,00:00,50,12100,0,0,3,7,광주광역시 북구 당뫼로12(중흥동),,062-525-1691,,212.47,,35.16746852,126.91374920000001,2020-07-03,3620000,광주광역시 북구
들꽃도서관,광주광역시,북구,작은도서관,매주 일요일,10:00,18:00,11:00,18:00,00:00,00:00,50,10212,0,0,3,7,광주광역시 북구 서강로 77(운암동),,062-526-3311,,84.0,,35.17933494,126.8703196,2020-07-03,3620000,광주광역시 북구
매곡작은도서관,광주광역시,북구,작은도서관,매주 일요일,11:00,19:00,10:00,14:00,00:00,00:00,18,4100,0,0,3,7,"광주광역시 북구 매곡로 85, 102호(매곡동, 매곡프라자상가)",,062-571-1318,,49.1,,35.192254999999996,126.89213600000001,2020-07-03,3620000,광주광역시 북구
무진교육문화센터문고,광주광역시,북구,작은도서관,없음,09:00,18:00,09:00,18:00,00:00,00:00,12,5000,0,0,3,7,광주광역시 북구 비엔날레로93번길 5(용봉동),,062-512-5159,,54.0,,35.17999228,126.88968009999999,2020-07-03,3620000,광주광역시 북구
문산작은도서관,광주광역시,북구,작은도서관,매주 일요일,13:00,19:00,10:00,18:00,00:00,00:00,12,1500,1,0,3,7,광주광역시 북구 부남길8번길 6(문흥동),,062-267-9488,,36.12,,35.18676206,126.9260125,2020-07-03,3620000,광주광역시 북구
문흥골문고,광주광역시,북구,작은도서관,매주 일요일,12:00,20:00,13:00,17:00,00:00,00:00,30,4800,0,0,3,7,광주광역시 북구 부남길15번길 27(문흥동),,062-262-6833,,99.0,,35.18860442,126.9259889,2020-07-03,3620000,광주광역시 북구
바람개비작은도서관,광주광역시,북구,작은도서관,매주 일요일,10:00,18:00,10:00,12:00,00:00,00:00,40,15200,0,600,3,7,광주광역시 북구 비엔날레로 64(용봉동),,062-433-1279,,132.0,,35.17755474,126.88938040000001,2020-07-03,3620000,광주광역시 북구
밝은마음문고,광주광역시,북구,작은도서관,매주 토·일요일,11:00,20:00,00:00,00:00,00:00,00:00,11,1500,0,0,3,7,"광주광역시 북구 금호로86번길 32, 202호(운암동, 중흥아파트상가)",,062-521-5429,,33.0,,35.17893285,126.8863925,2020-07-03,3620000,광주광역시 북구
백합작은도서관,광주광역시,북구,작은도서관,매주 일요일,10:00,18:00,10:00,14:00,00:00,00:00,22,1000,0,0,3,7,광주광역시 북구 경양로 35(임동),,062-521-2195,,60.75,,35.16387805,126.89605929999999,2020-07-03,3620000,광주광역시 북구
복지애숲작은도서관,광주광역시,북구,작은도서관,매주 일요일,09:00,17:00,09:00,17:00,00:00,00:00,20,1100,0,0,3,7,"광주광역시 북구 서하로 418, 202호(문흥동 대주아파트 3차 상가)",,062-418-7732,,112.48,,35.18332173,126.92477720000001,2020-07-03,3620000,광주광역시 북구
북소리작은도서관,광주광역시,북구,작은도서관,국가지정공휴일,10:00,18:00,10:00,18:00,00:00,00:00,15,1300,0,0,3,7,"광주광역시 북구 동운로 210, 2층",,062-523-8291,,44.0,,35.17423617,126.873051,2020-07-03,3620000,광주광역시 북구
빛고을두암문고,광주광역시,북구,작은도서관,매주 일·월요일,12:00,18:00,14:00,16:00,00:00,00:00,24,2500,0,0,3,7,광주광역시 북구 삼정로87번길 70(두암동),,062-269-1004,,55.1,,35.17115153,126.93391270000001,2020-07-03,3620000,광주광역시 북구
사랑의문고,광주광역시,북구,작은도서관,매주 일요일,14:00,18:00,14:00,18:00,00:00,00:00,20,2000,0,0,3,7,광주광역시 북구 일곡택지로53번길 27(일곡동),,062-573-0191,,54.0,,35.20625673,126.89257020000001,2020-07-03,3620000,광주광역시 북구
새생명작은도서관,광주광역시,북구,작은도서관,매주 일요일,12:00,19:00,10:00,13:00,00:00,00:00,20,2700,0,0,3,7,광주광역시 북구 상촌로43번길 62(본촌동),,062-572-3011,,42.0,,35.21410193,126.8808686,2020-07-03,3620000,광주광역시 북구
새에덴작은도서관,광주광역시,북구,작은도서관,매주 일·월요일,10:00,17:00,10:00,17:00,00:00,00:00,25,1000,0,0,3,7,광주광역시 북구 우치로 311번길 17,,062-571-0691,,50.0,,35.19190109,126.9024008,2020-07-03,3620000,광주광역시 북구
생각나무숲작은도서관,광주광역시,북구,작은도서관,없음,11:00,18:00,10:00,13:00,00:00,00:00,15,4200,1,0,3,7,"광주광역시 북구 하서로 393-9, 2층 (양산동)",,062-574-2210,,89.6,,35.21001255,126.8729023,2020-07-03,3620000,광주광역시 북구
생각나무작은도서관,광주광역시,북구,작은도서관,매주 일요일,10:00,17:00,10:00,12:00,00:00,00:00,24,6000,0,0,3,7,광주광역시 북구 서강로 54번길 22(운암동),,062-573-3696,,39.0,,35.1759599,126.87338559999999,2020-07-03,3620000,광주광역시 북구
생각놀이터작은도서관,광주광역시,북구,작은도서관,매주 토·일요일,09:00,18:00,00:00,00:00,00:00,00:00,8,2001,0,0,3,7,광주광역시 북구 양일로 76-1(양산동),,062-571-4100,,33.91,,35.19740459,126.8730537,2020-07-03,3620000,광주광역시 북구
생각이크는도서관,광주광역시,북구,작은도서관,매주 토·일요일,10:00,17:00,00:00,00:00,00:00,00:00,20,12100,0,0,3,7,"광주광역시 북구 유림로 175,2층(동림동, 삼익아파트관리사무소)",,062-512-1299,,106.0,,35.17739415,126.8628006,2020-07-03,3620000,광주광역시 북구
성산작은도서관,광주광역시,북구,작은도서관,매주 월요일,10:00,17:00,09:00,13:00,00:00,00:00,20,1200,0,0,3,7,"광주광역시 북구 대자로 48-16, 1층(운암동)",,062-523-8291,,37.44,,35.172678999999995,126.8774172,2020-07-03,3620000,광주광역시 북구
세계로문고,광주광역시,북구,작은도서관,매주 일요일,09:00,18:00,09:00,13:00,00:00,00:00,50,8000,0,0,3,7,광주광역시 북구 하남대로 681-8(동림동),,062-522-1673,,69.3,,35.17262266,126.8679284,2020-07-03,3620000,광주광역시 북구
송운작은도서관,광주광역시,북구,작은도서관,없음,10:00,19:00,10:00,19:00,00:00,00:00,13,1500,2,0,3,7,"광주광역시 북구 문산로 65-1, 204호(문흥동, 공간아파트 상가)",,062-252-0909,,33.0,,35.18762273,126.9243473,2020-07-03,3620000,광주광역시 북구
신광작은도서관,광주광역시,북구,작은도서관,매주 일·월요일,13:00,16:00,13:00,16:00,00:00,00:00,55,3450,0,0,3,7,광주광역시 북구 참판로 108(두암동),,062-672-4209,,138.0,,35.16734408,126.9337138,2020-07-03,3620000,광주광역시 북구
신용작은도서관,광주광역시,북구,작은도서관,없음,10:00,19:00,10:00,19:00,00:00,00:00,30,4100,5,0,3,7,"광주광역시 북구 첨단연신로 166, 2층(신용동, 첨단2지구 부영아파트관리동)",,062-574-2241,,66.0,,35.21394301,126.86349469999999,2020-07-03,3620000,광주광역시 북구
신원작은도서관문고,광주광역시,북구,작은도서관,매주 일요일,10:00,20:00,10:00,17:00,00:00,00:00,30,3300,28,0,3,7,광주광역시 북구 문산로 27-6(문흥동),,062-262-2785,,61.5,,35.18485937,126.9218158,2020-07-03,3620000,광주광역시 북구
신일작은도서관,광주광역시,북구,작은도서관,매주 일요일,10:00,18:00,10:00,16:00,00:00,00:00,12,6000,0,0,3,7,광주광역시 북구 북문대로 70(운암동),,062-523-9419,,33.0,,35.17746545,126.87895139999999,2020-07-03,3620000,광주광역시 북구
아델리움꿈사랑작은도서관,광주광역시,북구,작은도서관,매주 일요일,13:00,18:00,13:00,18:00,00:00,00:00,35,4408,0,0,3,7,"광주광역시 북구 천변우로79번길 25(임동, 한국아델리움2차)",,062-522-1661,,100.0,,35.16607709,126.88767479999998,2020-07-03,3620000,광주광역시 북구
아름다운작은도서관,광주광역시,북구,작은도서관,매주 토·일요일,10:00,17:00,00:00,00:00,00:00,00:00,10,6000,0,0,3,7,광주광역시 북구 비엔날레로 54-22 (운암동),,062-525-6044,,145.2,,35.17637613,126.88978600000002,2020-07-03,3620000,광주광역시 북구
앰플작은도서관,광주광역시,북구,작은도서관,매주 토·일요일,12:00,20:00,00:00,00:00,00:00,00:00,12,20000,0,0,3,7,광주광역시 북구 북문대로159번길 39(운암동),,062-529-3046,,73.95,,35.18185227,126.8710183,2020-07-03,3620000,광주광역시 북구
양산작은도서관,광주광역시,북구,작은도서관,매주 토·일요일,10:00,18:00,00:00,00:00,00:00,00:00,30,1500,0,0,3,7,광주광역시 북구 연양로 43(양산동),,062-574-8209,,33.0,,35.20653257,126.87217849999999,2020-07-03,3620000,광주광역시 북구
어울매작은도서관,광주광역시,북구,작은도서관,매주 일요일,10:00,17:00,14:00,16:00,00:00,00:00,20,2700,0,0,3,7,광주광역시 북구 동문대로 136(두암동),,062-228-6998,,66.0,,35.17478899,126.92690159999998,2020-07-03,3620000,광주광역시 북구
에덴작은도서관,광주광역시,북구,작은도서관,매주 일요일,10:00,18:00,10:00,16:00,00:00,00:00,50,20100,0,0,3,7,광주광역시 북구 양일로 62(연제동),,062-432-5354,,81.12,,35.19741757,126.871692,2020-07-03,3620000,광주광역시 북구
여우고개어린이문고,광주광역시,북구,작은도서관,매주 토·일요일,12:00,19:00,00:00,00:00,00:00,00:00,28,2500,0,0,3,7,광주광역시 북구 서암대로 284(중흥동),,062-524-2076,,33.0,,35.16572768,126.91457209999999,2020-07-03,3620000,광주광역시 북구
연꽃못작은도서관,광주광역시,북구,작은도서관,매주 일요일,09:00,18:00,09:00,13:00,00:00,00:00,12,3330,0,22,3,7,"광주광역시 북구 중문로 55 (우산동, 주공3차아파트관리사무소)",,062-266-3853,,54.0,,35.17800347,126.9187881,2020-07-03,3620000,광주광역시 북구
연제신안작은도서관,광주광역시,북구,작은도서관,없음,10:00,18:00,10:00,18:00,00:00,00:00,24,3500,0,0,3,7,광주광역시 북구 양산제로 70-7(연제동),,062-576-8291,,100.0,,35.20079055,126.8701054,2020-07-03,3620000,광주광역시 북구
연제큰꿈작은도서관문고,광주광역시,북구,작은도서관,매주 일요일,10:00,18:00,13:00,18:00,00:00,00:00,40,4900,0,0,3,7,광주광역시 북구 양산제로 112(연제동) 관리동 2층,,062-251-9119,,128.174,,35.20308067,126.87074750000001,2020-07-03,3620000,광주광역시 북구
예그리나작은도서관,광주광역시,북구,작은도서관,매주 토·일요일,09:30,17:30,00:00,00:00,00:00,00:00,8,1549,0,22,3,7,광주광역시 북구 효죽로 2-1(중흥동),,070-4113-8127,,37.29,,35.169725,126.915272,2020-07-03,3620000,광주광역시 북구
예은작은도서관,광주광역시,북구,작은도서관,매주 토·일요일,10:00,18:00,00:00,00:00,00:00,00:00,15,2000,0,0,3,7,광주광역시 북구 군왕로168번길 50(두암동),,062-263-8004,,33.0,,35.17553339,126.936276,2020-07-03,3620000,광주광역시 북구
오치세우는작은도서관,광주광역시,북구,작은도서관,매주 일요일,10:00,18:00,11:00,16:00,00:00,00:00,40,2960,0,0,3,7,광주광역시 북구 우치로228번길 47(오치동),,062-264-3927,,66.0,,35.18662332,126.90771670000001,2020-07-03,3620000,광주광역시 북구
용봉주공작은도서관,광주광역시,북구,작은도서관,매주 일요일,09:00,18:00,09:00,17:00,00:00,00:00,15,2795,0,0,3,7,"광주광역시 북구 서하로 128(용봉동,관리사무소)",,062-575-0503,,39.56,,35.1872075,126.8945935,2020-07-03,3620000,광주광역시 북구
웃음꽃도서관,광주광역시,북구,작은도서관,매주 일·월요일,10:00,18:00,10:00,18:00,00:00,00:00,9,20200,1,110,3,7,"광주광역시 북구 일곡로 41번길,44 101호(일곡동)",,062-613-7732,,40.0,,35.209404,126.891383,2020-07-03,3620000,광주광역시 북구
은혜작은도서관,광주광역시,북구,작은도서관,매주 일·월요일,11:00,18:00,15:00,18:00,00:00,00:00,11,1600,0,0,3,7,광주광역시 북구 문화소통로302번길 35(문화동),,062-266-6399,,33.54,,35.18151367,126.92783529999998,2020-07-03,3620000,광주광역시 북구
이음도서관,광주광역시,북구,작은도서관,"매주 토·일요일, 국가지정공휴일",09:00,18:00,00:00,00:00,00:00,00:00,17,2684,0,0,3,7,광주광역시 북구 삼정로 7(두암동),,062-266-8183,,47.0,,35.165289461,126.93458481190001,2020-07-03,3620000,광주광역시 북구
임동뜨란채희망도서관,광주광역시,북구,작은도서관,매주 일요일,09:00,19:00,09:00,13:00,00:00,00:00,20,3200,0,0,3,7,"광주광역시 북구 천변우로 11-1(임동, 관리사무소)",,062-511-2255,,106.085,,35.16917613,126.8859318,2020-07-03,3620000,광주광역시 북구
임동청소년문고,광주광역시,북구,작은도서관,매주 일요일,11:00,20:00,00:00,00:00,00:00,00:00,10,2624,55,0,3,7,광주광역시 북구 서림로100번길 20-12(임동),,062-528-0819,,82.5,,35.16253333,126.89618840000001,2020-07-03,3620000,광주광역시 북구
자우리작은도서관,광주광역시,북구,작은도서관,매주 토·일요일,09:00,18:00,00:00,00:00,00:00,00:00,12,4347,0,0,3,7,"광주광역시 북구 양산택지로34번길 22(양산동, LG그린자이2차관리사무소)",,062-572-5070,,54.0,,35.20940213,126.88252379999999,2020-07-03,3620000,광주광역시 북구
주민작은도서관,광주광역시,북구,작은도서관,매주 토·일요일,13:00,19:00,00:00,00:00,00:00,00:00,15,1600,1,0,3,7,광주광역시 북구 용전마을길 9-3(용전동),,062-255-4020,,47.1,,35.23719283,126.89457720000001,2020-07-03,3620000,광주광역시 북구
주안문고,광주광역시,북구,작은도서관,매주 토·일요일,12:00,19:00,00:00,00:00,00:00,00:00,12,10000,0,0,3,7,광주광역시 북구 설죽로214번길 107-8(용봉동),,062-529-3162,,66.5,,35.17837438,126.9034402,2020-07-03,3620000,광주광역시 북구
중흥작은도서관,광주광역시,북구,작은도서관,매주 토·일요일,12:00,20:00,00:00,00:00,00:00,00:00,12,2500,0,0,3,7,광주광역시 북구 우치로 12(중흥동),,062-524-0958,,60.35,,35.16860567,126.91075790000002,2020-07-03,3620000,광주광역시 북구
참좋은작은도서관,광주광역시,북구,작은도서관,매주 토·일요일,13:00,18:00,00:00,00:00,00:00,00:00,6,4000,0,0,3,7,광주광역시 북구 복룡길 2 (신용동),,062-574-7009,,99.0,,35.21451604,126.8665207,2020-07-03,3620000,광주광역시 북구
참터문고,광주광역시,북구,작은도서관,매주 일요일,10:00,19:00,00:00,00:00,00:00,00:00,10,4000,0,4,3,7,"광주광역시 북구 반룡로33(용봉동), 3층",,062-526-3689,,33.3,,35.17923095,126.90155530000001,2020-07-03,3620000,광주광역시 북구
책과벗하는사랑방,광주광역시,북구,작은도서관,매주 토·일요일,09:00,18:00,00:00,00:00,00:00,00:00,33,2000,33,0,3,7,"광주광역시 북구 매곡로 93, 관리동 3층(매곡동)",,062-575-3034,,85.0,,35.193022799999994,126.8902598,2020-07-03,3620000,광주광역시 북구
책돌이도서관,광주광역시,북구,작은도서관,매주 일요일,11:00,17:00,11:00,17:00,00:00,00:00,36,12500,7,0,3,7,광주광역시 북구 우치로 235(오치동),,062-266-7279,,99.0,,35.18584611,126.9050782,2020-07-03,3620000,광주광역시 북구
책향기작은도서관,광주광역시,북구,작은도서관,매주 일요일,10:00,19:00,10:00,15:00,00:00,00:00,15,3200,4,0,3,7,광주광역시 북구 하백로29번길 13(매곡동),,062-573-1357,,66.0,,35.19037555,126.88931029999999,2020-07-03,3620000,광주광역시 북구
첨단자이2단지작은도서관,광주광역시,북구,작은도서관,매주 토·일요일,09:00,18:00,00:00,00:00,00:00,00:00,10,1200,1,0,3,7,"광주광역시 북구 임방울대로 1020(신용동, 첨단자이2단지아파트관리사무소)",,062-575-4451,,46.1,,35.21119486,126.86927179999999,2020-07-03,3620000,광주광역시 북구
청년센터아카이브,광주광역시,북구,작은도서관,없음,10:00,23:00,10:00,23:00,00:00,00:00,16,20000,0,0,3,7,광주광역시 북구 반룡로42번길 23 (용봉동) 3층,,070-4175-0957,,53.0,,35.17759115,126.9023784,2020-07-03,3620000,광주광역시 북구
카리타스작은도서관,광주광역시,북구,작은도서관,매주 일요일,09:00,18:00,00:00,00:00,00:00,00:00,29,7167,0,0,3,7,광주광역시 북구 서하로194번길 6(오치동),,062-263-8200,,71.2,,35.18543902,126.9009769,2020-07-03,3620000,광주광역시 북구
콩세알작은도서관,광주광역시,북구,작은도서관,매주 일요일,10:00,18:00,10:00,14:00,00:00,00:00,12,4700,1,420,3,7,"광주광역시 북구 첨단연신로 245(건국동, 첨단2 휴먼시아)",,062-430-8295,,130.0,,35.20783079,126.8594152,2020-07-03,3620000,광주광역시 북구
탈무드작은도서관,광주광역시,북구,작은도서관,없음,09:00,17:00,09:00,14:00,00:00,00:00,30,6000,2,13,3,7,광주광역시 북구 양산제로 25(양산동),,062-571-2919,,99.0,,35.1997585,126.8726503,2020-07-03,3620000,광주광역시 북구
파랑새작은도서관,광주광역시,북구,작은도서관,없음,12:00,18:00,12:00,18:00,00:00,00:00,27,3500,0,0,3,7,광주광역시 북구 양일로 100 (양산동),,062-573-7778,,89.1,,35.1975841,126.875803,2020-07-03,3620000,광주광역시 북구
푸른꿈작은도서관,광주광역시,북구,작은도서관,매주 토·일요일,10:00,17:00,00:00,00:00,00:00,00:00,20,3150,0,0,3,7,광주광역시 북구 동림용산로 12(동림 푸른마을4단지),,062-514-4986,,144.0,,35.188748,126.8696723,2020-07-03,3620000,광주광역시 북구
푸른샘작은도서관,광주광역시,북구,작은도서관,매주 토·일요일,11:00,17:00,00:00,00:00,00:00,00:00,50,20000,0,0,3,7,광주광역시 북구 북문대로 242번길 3(동림동),,070-7760-5491,,39.0,,35.18751798,126.8658446,2020-07-03,3620000,광주광역시 북구
푸른숲작은도서관(삼각),광주광역시,북구,작은도서관,매주 토·일요일,15:00,20:00,00:00,00:00,00:00,00:00,38,20100,0,0,3,7,광주광역시 북구 첨단연신로133번길 7 지하1층(신용동),,062-574-5117,,67.9,,35.19993745,126.9022638,2020-07-03,3620000,광주광역시 북구
푸른숲작은도서관(첨단),광주광역시,북구,작은도서관,매주 일요일,10:00,18:00,10:00,15:00,00:00,00:00,52,1600,3,0,3,7,광주광역시 북구 송해로 10-15(삼각동),,062-571-0877,,122.51,,35.19993745,126.9022638,2020-07-03,3620000,광주광역시 북구
풍경채작은도서관,광주광역시,북구,작은도서관,매주 일요일,12:00,18:00,13:00,17:00,00:00,00:00,40,9518,2,3,3,7,광주광역시 북구 첨단연신로 216(신용동),,062-671-0064,,116.0,,35.21118485,126.8572173,2020-07-03,3620000,광주광역시 북구
풍성한작은도서관,광주광역시,북구,작은도서관,매주 일요일,10:00,18:00,10:00,18:00,00:00,00:00,30,5080,2,0,3,7,광주광역시 북구 연양로67번길 14(양산동),,070-8733-7191,,58.32,,35.20774361,126.87527790000001,2020-07-03,3620000,광주광역시 북구
핑크드림작은도서관,광주광역시,북구,작은도서관,매주 토·일요일,13:00,18:00,00:00,00:00,00:00,00:00,36,5467,5,0,3,7,광주광역시 북구 삼정로 10 (두암동),,062-268-0093,,90.0,,35.16305554,126.9373175,2020-07-03,3620000,광주광역시 북구
하늘사랑작은도서관,광주광역시,북구,작은도서관,매주 일요일,10:30,18:30,00:00,00:00,00:00,00:00,15,1100,0,0,3,7,광주광역시 북구 군왕로 123 4층(두암동),,000-000-0000,,39.6,,35.17232255,126.9325593,2020-07-03,3620000,광주광역시 북구
하늘씨앗작은도서관,광주광역시,북구,작은도서관,매주 일·월요일,09:00,18:00,13:00,17:00,00:00,00:00,30,2005,0,0,3,7,광주광역시 북구 송월로30번길 47(오치동),,062-575-0760,,60.0,,35.18649949,126.9159118,2020-07-03,3620000,광주광역시 북구
하백꿈작은도서관,광주광역시,북구,작은도서관,매주 일요일,13:00,18:00,10:00,13:00,00:00,00:00,100,4000,0,0,3,7,"광주광역시 북구 하백로 5번길 6(매곡동, 하백교회), 1층",,062-575-3004,,130.0,,35.188256,126.8901388,2020-07-03,3620000,광주광역시 북구
한양수자인작은도서관,광주광역시,북구,작은도서관,매주 일·월요일,13:00,18:00,09:00,15:00,00:00,00:00,25,4627,0,0,3,7,"광주광역시 북구 첨단연신로 184 (건국동, 한양수자인아파트)",,062-571-0184,,109.83,,35.21322777,126.85915109999999,2020-07-03,3620000,광주광역시 북구
해누리작은도서관,광주광역시,북구,작은도서관,매주 월요일,10:00,17:00,10:00,17:00,00:00,00:00,16,5000,2,0,3,7,광주광역시 북구 동문대로180번길 68(두암동),,062-269-9101,,60.0,,35.17722959,126.9326563,2020-07-03,3620000,광주광역시 북구
현진에버빌작은도서관,광주광역시,북구,작은도서관,매주 토·일요일,10:00,18:00,00:00,00:00,00:00,00:00,40,5100,0,0,3,7,"광주광역시 북구 양산택지소로 20(본촌동, 현진에버빌관리사무소)",,062-433-7222,,141.22,,35.21365394,126.88359399999999,2020-07-03,3620000,광주광역시 북구
효령노인복지타운도서관,광주광역시,북구,작은도서관,매주 토·일요일,09:00,18:00,00:00,00:00,00:00,00:00,31,2200,0,0,3,7,광주광역시 북구 하서로 950 (효령동),,062-603-9994,,55.89,,35.24065006,126.912226,2020-07-03,3620000,광주광역시 북구
식물그림책작은도서관,광주광역시,동구,작은도서관,"매주 일요일, 국가지정공휴일",11:00,17:00,11:00,17:00,00:00,00:00,10,1000,0,0,0,0,광주광역시 동구 계림로 34,기살림빛고을협동조합,062-224-8863,0.0,90.5,,35.156712763200005,126.9233705467,2020-04-03,3590000,광주광역시 동구
그림이 있는 작은도서관,광주광역시,동구,작은도서관,"매주 토, 일요일, 국가지정공휴일",10:00,18:00,00:00,00:00,00:00,00:00,25,20000,0,0,0,0,광주광역시 동구 밤실로 119 (산수동),개인,070-8723-8834,0.0,82.0,,35.1581005957,126.93528421719999,2020-04-03,3590000,광주광역시 동구
GIC도서관,광주광역시,동구,작은도서관,"매주 일요일, 국가지정공휴일",09:30,18:00,09:30,18:00,00:00,00:00,50,4030,0,0,0,0,광주광역시 동구 중앙로 196번길 5(금남로3가),(사)광주국제교류센터,062-226-2733,0.0,152.0,,35.1503736365,126.9167523222,2020-04-03,3590000,광주광역시 동구
space秀,광주광역시,동구,작은도서관,"매주 토, 일요일, 국가지정공휴일",10:00,18:00,00:00,00:00,00:00,00:00,8,2000,0,0,0,0,광주광역시 동구 동명로 14번길 19(동명동),개인,062-223-4127,0.0,49.0,,35.1500403633,126.9254092593,2020-04-03,3590000,광주광역시 동구
지산1동 작은도서관,광주광역시,동구,작은도서관,"매주 토,일요일",10:00,16:00,00:00,00:00,00:00,00:00,16,2620,0,0,0,0,광주광역시 동구 지산로 57 (지산동),지산1동 복지공동체,062-608-3682,0.0,49.0,,35.1490062748,126.93271905370001,2020-04-03,3590000,광주광역시 동구
작은도서관 오월의숲,광주광역시,동구,작은도서관,"매주 일요일, 국가지정공휴일",09:00,18:00,09:00,17:00,00:00,00:00,36,3550,0,0,0,0,광주광역시 동구 필문대로205번길 10- 1(지산동),(사)합수윤한봉기념사업회,062-514-0528,0.0,87.0,,35.1520237014,126.9321283283,2020-04-03,3590000,광주광역시 동구
무등재 작은도서관,광주광역시,동구,작은도서관,매주 일요일,13:00,18:00,15:00,17:00,00:00,00:00,15,1890,0,0,0,0,광주광역시 동구 필문대로 212 (지산동),개인,062-233-2489,0.0,75.0,,35.1520660535,126.93051721290001,2020-04-03,3590000,광주광역시 동구
두암타운작은도서관,광주광역시,동구,작은도서관,"매주 토, 일요일",09:00,17:00,00:00,00:00,00:00,00:00,12,2000,0,0,0,0,광주광역시 동구 밤실로 147(산수동),두암타운입주자대표회의,062-266-3784,0.0,40.0,,35.1612335177,126.93490416510001,2020-04-03,3590000,광주광역시 동구
소망작은도서관,광주광역시,동구,작은도서관,"매주 일요일, 국가지정공휴일",09:00,18:00,09:00,12:00,00:00,00:00,30,2000,0,0,0,0,광주광역시 동구 필문대로 50-1(계림동),개인,062-430-2558,0.0,71.0,,35.1631926356,126.9248089314,2020-04-03,3590000,광주광역시 동구
이매진도서관,광주광역시,동구,작은도서관,"매주 월요일, 국가지정공휴일",13:00,19:00,13:00,19:00,00:00,00:00,12,4200,0,0,0,0,광주광역시 동구 문화전당로 29 (남동),개인,000-000-0000,0.0,256.0,,35.145024739200004,126.91908858629999,2020-04-03,3590000,광주광역시 동구
희망작은도서관,광주광역시,동구,작은도서관,"매주 토, 일요일, 국가지정공휴일",09:00,18:00,00:00,00:00,00:00,00:00,16,1300,0,0,0,0,광주광역시 동구 밤실로82번길 3(산수동),형통한교회,000-000-0000,0.0,46.4,,35.1550331992,126.93686266489999,2020-04-03,3590000,광주광역시 동구
지원2동작은도서관,광주광역시,동구,작은도서관,"매월 첫째,세째주 월요일,국가지정공휴일",09:00,18:00,09:00,17:00,00:00,00:00,34,8716,0,0,5,15,광주광역시 동구 화산로 361,광주광역시 동구청,062-608-3922,173.0,173.0,,35.1204519,126.93287279999998,2020-04-03,3590000,광주광역시 동구
지산2동작은도서관,광주광역시,동구,작은도서관,"매월 첫째,세째주 월요일,국가지정공휴일",10:00,18:00,10:00,17:00,00:00,00:00,14,7665,0,23,5,15,광주광역시 동구 밤실로4번길 16,광주광역시 동구청,062-225-2123,149.0,149.0,,35.1484263,126.93849109999998,2020-04-03,3590000,광주광역시 동구
학운동작은도서관,광주광역시,동구,작은도서관,"매월 첫째,세째주 월요일,국가지정공휴일",09:00,18:00,09:00,17:00,00:00,00:00,20,8649,0,177,5,15,광주광역시 동구 의재로43번길 27-3,광주광역시 동구청,062-608-3921,124.0,124.0,,35.1330388496,126.9347466701,2020-04-03,3590000,광주광역시 동구
대인작은도서관,광주광역시,동구,작은도서관,"매주 월요일, 국가지정공휴일",10:00,18:00,13:00,18:00,00:00,00:00,60,2000,0,0,0,0,광주광역시 동구 중앙로 224(장동),대인교회,062-234-8291,0.0,149.9,,35.1523360595,126.91831312030001,2020-04-03,3590000,광주광역시 동구
계림두산위브작은도서관,광주광역시,동구,작은도서관,"매주 수, 목요일, 공휴일",14:00,18:00,09:00,17:00,00:00,00:00,30,5000,0,0,0,0,광주광역시 동구 무등로 374(계림동),계림두산위브아파트입주자대표회의,062-227-0338,0.0,150.0,,35.1587826848,126.9240051882,2020-04-03,3590000,광주광역시 동구
행복한작은도서관,광주광역시,동구,작은도서관,"매주 토,일요일, 국가지정공휴일",12:00,20:00,00:00,00:00,00:00,00:00,10,2050,0,0,0,0,광주광역시 동구 산수길 39번길 20-4,행복한지역아동센터,062-223-3164,0.0,33.0,,35.158456536799996,126.9271752215,2020-04-03,3590000,광주광역시 동구
무등산IPARK아파트작은도서관,광주광역시,동구,작은도서관,"매주 일요일, 국가지정공휴일",11:00,17:00,11:00,17:00,00:00,00:00,42,2000,0,0,0,0,광주광역시 동구 남문로 753번길 20,무등산IPARK입주자대표회의,062-229-0116,0.0,87.3,,35.1363487311,126.92262155430001,2020-04-03,3590000,광주광역시 동구
알암인권작은도서관,광주광역시,동구,작은도서관,"매주 일요일, 국가지정공휴일",10:00,17:00,10:00,15:00,00:00,00:00,14,3300,0,0,0,0,광주광역시 동구 동명로 7-4(장동),(사)알암명노근선생기념사업회,062-228-3563,0.0,33.0,,35.150226087,126.9226040297,2020-04-03,3590000,광주광역시 동구
푸른길책향기작은도서관,광주광역시,동구,작은도서관,"매주 토, 일요일",09:00,18:00,00:00,00:00,00:00,00:00,10,4200,0,0,0,0,광주광역시 동구 동명로20번길 43-5(동명동),(사)동명창조문화행복공동체마을,062-233-2662,0.0,70.2,,35.1503158704,126.9278760589,2020-04-03,3590000,광주광역시 동구
대안도서관 틔움,광주광역시,동구,작은도서관,국가지정공휴일,09:00,18:00,09:00,18:00,00:00,00:00,32,10750,0,0,0,0,광주광역시 동구 밤실로 136번길 8-21(산수동),광주전남 인드라망생명공동체,062-268-4660,0.0,74.2,,35.158750243200004,126.9365480871,2020-04-03,3590000,광주광역시 동구
산수중앙작은도서관,광주광역시,동구,작은도서관,"매주 일요일, 국가지정공휴일",09:00,18:00,09:00,17:00,00:00,00:00,30,5500,0,0,0,0,광주광역시 동구 필문대로171번길 27-7 (산수동),산수중앙교회,062-251-6438,0.0,106.5,,35.1566691712,126.9351624277,2020-04-03,3590000,광주광역시 동구
풀꽃동산작은도서관,광주광역시,동구,작은도서관,"매주 월요일, 국가지정공휴일",10:00,18:00,10:00,18:00,00:00,00:00,30,5200,0,0,0,0,광주광역시 동구 동명로110번길 14 (지산동),지산교회,062-222-0736,0.0,134.0,,35.1496693629,126.9321566217,2020-04-03,3590000,광주광역시 동구
북카페 영어작은도서관,광주광역시,동구,작은도서관,"매주 월, 수, 금요일",10:00,14:00,10:00,14:00,00:00,00:00,10,1550,0,0,0,0,광주광역시 동구 남계길 48-5 (내남동),광남교회,062-234-9182,0.0,46.0,,35.0934136078,126.9394325614,2020-04-03,3590000,광주광역시 동구
백 암 문 고,광주광역시,동구,작은도서관,국가지정공휴일,10:00,19:00,00:00,00:00,00:00,00:00,20,4200,0,0,0,0,광주광역시 동구 학소로86번안길 8 (소태동),백암지역아동센터,062-227-9421,0.0,66.0,,35.1288672524,126.9345876189,2020-04-03,3590000,광주광역시 동구
파이디온작은도서관,광주광역시,동구,작은도서관,국가지정공휴일,10:00,18:00,09:00,17:00,00:00,00:00,24,4000,0,0,0,0,"광주광역시 동구 남문로622번길 6(소태동), 3층",파이디온지역아동센터,062-265-5616,0.0,49.5,,35.1263672984,126.93209256979999,2020-04-03,3590000,광주광역시 동구
은새암,광주광역시,동구,작은도서관,"매주 토,일요일",09:00,17:00,00:00,00:00,00:00,00:00,12,3681,0,0,0,0,"광주광역시 동구 천변우로 369, 대원빌딩 9층 (호남동)",(재)광주광역시 광주여성재단,062-670-0539,0.0,59.0,,35.1477669796,126.91176835370001,2020-04-03,3590000,광주광역시 동구
작은도서관 숲,광주광역시,동구,작은도서관,"매주 일요일, 국가지정공휴일",09:00,18:00,09:00,17:00,00:00,00:00,30,1200,0,0,0,0,광주광역시 동구 동계천로 51-2 (대인동),개인,062-401-1708,0.0,75.4,,35.1544952567,126.91763051299999,2020-04-03,3590000,광주광역시 동구
메트로열린도서관,광주광역시,동구,작은도서관,"매주 토, 일요일, 국가지정공휴일",09:00,18:00,00:00,00:00,00:00,00:00,10,20000,0,0,0,0,"광주광역시 동구 제봉로 지하 1,지하철 남광주역(학동)",광주문화사랑봉사단,062-604-8434,0.0,50.0,,35.139319827600005,126.92294354219999,2020-04-03,3590000,광주광역시 동구
옹달샘작은도서관,광주광역시,동구,작은도서관,"매주 토, 일요일, 국가지정공휴일",14:00,17:00,00:00,00:00,00:00,00:00,20,2000,0,0,0,0,"광주광역시 동구 학소로76번길 14, 모아미래도(소태동)",개인,062-233-0433,0.0,198.0,,35.1269535076,126.935997863,2020-04-03,3590000,광주광역시 동구
학2마을작은도서관,광주광역시,동구,작은도서관,"매주 일요일, 국가지정공휴일",09:00,18:00,09:00,13:00,00:00,00:00,27,3945,0,0,0,0,"광주광역시 동구 남문로693번길 11, 학2마을아파트 (학동)",학2마을아파트입주자대표회의,062-223-1168,0.0,140.28,,35.1298154934,126.92822767770001,2020-04-03,3590000,광주광역시 동구
월남호반독서치유도서관,광주광역시,동구,작은도서관,"매주 토, 일요일",15:00,18:00,00:00,00:00,00:00,00:00,39,1884,0,0,0,0,"광주광역시 동구 남문로 377, 월남호반아파트 (월남동)",개인,062-227-0660,0.0,156.0,,35.1050689831,126.9372258815,2020-04-03,3590000,광주광역시 동구
살레시오 작은도서관 마인,광주광역시,동구,작은도서관,"매주 일요일, 국가지정공휴일",10:00,18:00,09:00,17:00,00:00,00:00,48,4890,0,0,0,0,광주광역시 동구 필문대로 263번길 24,개인,062-233-1013,0.0,337.0,,35.1469753951,126.9309166032,2020-04-03,3590000,광주광역시 동구
예향 작은도서관,광주광역시,동구,작은도서관,"매주 일요일, 국가지정공휴일",14:00,19:00,14:00,18:00,00:00,00:00,20,1200,0,0,0,0,광주광역시 동구 남문로 638-3,개인,062-232-7429,0.0,95.7,,35.1280684237,126.9309413507,2020-04-03,3590000,광주광역시 동구
김냇과작은도서관,광주광역시,동구,작은도서관,국가지정공휴일,10:30,20:00,10:30,20:00,00:00,00:00,40,1290,0,0,0,0,광주광역시 동구 구성로 204번길 13,개인,062-229-3355,0.0,248.0,,35.1527778127,126.9158060445,2020-04-03,3590000,광주광역시 동구
작은도서관 동고송,광주광역시,동구,작은도서관,"매주 토, 일요일, 국가지정공휴일",10:00,17:00,00:00,00:00,00:00,00:00,15,1208,0,0,0,0,광주광역시 동구 갈마로 6,법인,000-000-0000,0.0,42.5,,35.1602184547,126.9313971221,2020-04-03,3590000,광주광역시 동구
작은도서관 두럭,광주광역시,서구,작은도서관,"매주일요일, 국가지정공휴일",10:00,18:00,10:00,18:00,10:00,18:00,35,3600,0,0,3,14,광주광역시 서구 상무민주로 104,,062-371-3200,,50.0,,35.160045345,126.8601077109,2020-03-17,3600000,광주광역시 서구
쉼북카페 도서관,광주광역시,서구,작은도서관,"매주화요일, 국가지정공휴일",10:00,18:00,10:00,18:00,10:00,18:00,30,5000,100,0,3,25,광주광역시 서구 풍암신흥로58,,062-350-4545,,62.8,,35.121685,126.8687423,2020-03-17,3600000,광주광역시 서구
아이숲어린이도서관,광주광역시,서구,작은도서관,"매주일요일, 국가지정공휴일",10:00,18:00,10:00,18:00,10:00,18:00,30,1530,0,0,4,7,광주광역시 서구 풍암2로 2,,062-652-1279,,66.0,,35.1271913116,126.879005,2020-03-17,3600000,광주광역시 서구
지혜의샘,광주광역시,서구,작은도서관,매주목요일,09:00,18:00,09:00,18:00,09:00,18:00,40,6500,0,0,5,7,광주광역시 서구 풍암중앙로 86번길 2,,062-652-1279,,221.0,,35.1261509,126.88329509999998,2020-03-17,3600000,광주광역시 서구
풍암전원작은도서관,광주광역시,서구,작은도서관,"매주일요일, 매주월요일, 국가지정공휴일",09:00,18:00,09:00,18:00,09:00,18:00,10,1320,0,0,5,7,광주광역시 서구 풍금로 11번길 17,,062-654-7005,,51.84,,35.1198892164,126.8644592128,2020-03-17,3600000,광주광역시 서구
작은도서관 꿈터,광주광역시,서구,작은도서관,매주일요일,12:00,21:00,12:00,21:00,12:00,21:00,10,7000,150,50,3,14,광주광역시 서구 염화로104번길17,,062-372-3310,66.0,33.0,,35.1413005308,126.87658204520001,2020-03-17,3600000,광주광역시 서구
무등작은도서관,광주광역시,서구,작은도서관,"매주월요일, 국가지정공휴일",09:00,18:00,09:00,18:00,09:00,18:00,45,6500,0,0,5,7,광주광역시 서구 월드컵4강로 68번길 18,,062-371-9915,,135.0,,35.143173,126.87670651799999,2020-03-17,3600000,광주광역시 서구
중앙나누리 작은도서관,광주광역시,서구,작은도서관,"매주월요일, 국가지정공휴일",09:00,18:00,09:00,18:00,09:00,18:00,60,4392,0,0,10,14,광주광역시 서구 화정로 189번길 25,,062-717-9192,,238.0,http://cafe.daum.net/j-nanuri,35.1480542676,126.8773093099,2020-03-17,3600000,광주광역시 서구
화정문고,광주광역시,서구,작은도서관,"매주일요일, 국가지정공휴일",11:00,21:00,11:00,21:00,11:00,21:00,25,5000,0,0,5,20,광주광역시 서구 상무대로 1014번길 44,화정문고,070-8835-0910,265.0,165.0,,35.147682,126.87260400000001,2020-03-17,3600000,광주광역시 서구
지혜의샘터,광주광역시,서구,작은도서관,"매주일요일, 국가지정공휴일",11:00,21:00,11:00,21:00,11:00,21:00,20,2300,2,0,2,7,광주광역시 서구 염화로31번길5,개인,062-373-0136,,33.0,,35.1371143,126.87228119999999,2020-03-17,3600000,광주광역시 서구
광주광역시청소년문화의집미소책방,광주광역시,서구,작은도서관,"매주월요일, 국가지정공휴일",10:00,18:00,10:00,18:00,10:00,18:00,30,8000,2,0,3,7,광주광역시 서구 화정로179번길 63,광주광역시청소년문화의집,062-375-1324,,158.24,,35.1506379306,126.8758963107,2020-03-17,3600000,광주광역시 서구
월광교회 작은도서관,광주광역시,서구,작은도서관,"매주월요일, 국가지정공휴일",10:00,18:00,10:00,18:00,10:00,18:00,47,26747,0,0,0,0,광주광역시 서구 염화로31번길 7,월광교회,062-375-4664,,165.0,,35.1368322307,126.87195200000001,2020-03-17,3600000,광주광역시 서구
오색종이 신나는 작은도서관,광주광역시,서구,작은도서관,"매주일요일,국가지정공휴일",09:30,18:00,09:30,18:00,09:30,18:00,12,2500,0,0,5,10,광주광역시 서구 금부로 95번길 7,,062-228-0103,,51.83,,35.140409600000005,126.8591632,2020-03-17,3600000,광주광역시 서구
교육과희망 작은도서관,광주광역시,서구,작은도서관,무휴,10:00,18:00,10:00,18:00,10:00,18:00,15,3000,0,0,3,14,광주광역시 서구 금부로95번길 43,,062-382-0979,,40.47,,35.1435084268,126.85806860379999,2020-03-17,3600000,광주광역시 서구
금호2동작은도서관,광주광역시,서구,작은도서관,"매주일요일, 국가지정공휴일",09:00,18:00,09:00,17:00,09:00,18:00,60,12000,0,0,0,0,광주광역시 서구 풍금로 135,금호2동주민센터,062-675-4504,133.0,984.0,,35.1289918156,126.857155,2020-03-17,3600000,광주광역시 서구
동천동작은도서관,광주광역시,서구,작은도서관,국가지정공휴일,09:00,18:00,09:00,18:00,09:00,18:00,40,6387,0,0,0,0,광주광역시 서구 유림로98번길 8,동천동주민센터,062-521-2990,931.0,282.0,,35.170866895,126.8647347206,2020-03-17,3600000,광주광역시 서구
양동작은도서관,광주광역시,서구,작은도서관,"매주일요일, 국가지정공휴일",09:00,18:00,09:00,18:00,09:00,18:00,30,7202,0,0,0,0,광주광역시 서구 독립로200번길 7,양동주민센터,062-350-4213,,132.0,,35.150074,126.9069605,2020-03-17,3600000,광주광역시 서구
화정4동작은도서관,광주광역시,서구,작은도서관,국가지정공휴일,09:00,21:00,09:00,21:00,09:00,21:00,20,11638,0,0,2,14,광주광역시 서구 염화로83번길 3,화정4동주민센터,062-384-4443,,225.0,,35.141827,126.873764,2020-03-17,3600000,광주광역시 서구
꿈빛도서관,광주광역시,서구,작은도서관,국가지정공휴일,09:00,22:00,09:00,22:00,09:00,22:00,21,9500,0,0,2,7,광주광역시 서구 천변좌하로 594(광천동),월드비전 무진종합사회복지관,062-372-2600,1689.0,501.68,http://www.gjw.or.kr/moojin/,35.168644,126.87549320000001,2020-03-17,3600000,광주광역시 서구
마을도서관 다락,광주광역시,서구,작은도서관,"매주토요일, 매주일요일, 국가지정고유일",10:00,17:00,10:00,17:00,10:00,17:00,30,3500,300,0,2,14,광주광역시 서구 금화로 73번길 7,,062-383-5703,,100.0,,35.1329029816,126.85651399999999,2020-03-17,3600000,광주광역시 서구
글마루작은도서관,광주광역시,서구,작은도서관,무휴,09:00,18:00,09:00,18:00,09:00,18:00,20,1000,0,0,2,7,광주광역시 서구 발산로 36,,062-369-8072,,40.0,,35.1583103051,126.8949600699,2020-03-17,3600000,광주광역시 서구
해돋는작은도서관,광주광역시,서구,작은도서관,"매주월요일, 매주수요일",09:00,18:00,09:00,18:00,09:00,18:00,50,1950,0,0,0,0,광주광역시 서구 금화로73번길 7,,062-654-3927,,85.8,,35.1329029816,126.85651399999999,2020-03-17,3600000,광주광역시 서구
쉼터작은도서관,광주광역시,서구,작은도서관,"매주일요일, 국가지정공휴일",09:00,18:00,09:00,18:00,09:00,18:00,25,1230,0,0,0,0,광주광역시 서구 금부로 63 (금호동),,062-371-9179,,45.57,,35.14004825,126.8559019,2020-03-17,3600000,광주광역시 서구
고맙습니다 아리솔작은도서관,광주광역시,서구,작은도서관,"매주일요일, 국가지정공휴일",09:00,17:30,09:00,17:30,09:00,17:30,60,8347,0,0,3,7,광주광역시 서구 화개1로 59-2,,062-457-5114,,167.0,,35.131327571,126.8536483306,2020-03-17,3600000,광주광역시 서구
송촌파인힐작은도서관,광주광역시,서구,작은도서관,"매주토요일, 매주일요일, 국가지정공휴일",09:00,18:00,09:00,18:00,09:00,18:00,24,5085,0,0,0,0,광주광역시 서구 마재로 65,,062-682-5667,,64.8,,35.1322480451,126.86385941459999,2020-03-17,3600000,광주광역시 서구
책사랑 작은도서관,광주광역시,서구,작은도서관,"매주 일요일, 국가지정 공휴일",10:00,19:00,10:00,19:00,10:00,19:00,30,4511,0,0,0,0,"광주광역시 서구 마재로 21(금호동, 중흥아파트)",풍암중흥1단지아파트,062-681-4377,,100.0,,35.1322308526,126.8614148836,2020-03-17,3600000,광주광역시 서구
대주파크빌 작은도서관,광주광역시,서구,작은도서관,"매주 일요일, 국가지정 공휴일",09:00,18:00,09:00,18:00,09:00,18:00,72,6000,0,0,0,0,광주광역시 서구 화개1로 24번길 9,,062-652-4830,,97.75,,35.12815896,126.85716049999999,2020-03-17,3600000,광주광역시 서구
소꿉놀이작은도서관,광주광역시,서구,작은도서관,"매주 일요일, 국가지정 공휴일",10:00,18:00,10:00,18:00,10:00,18:00,20,9150,0,0,2,14,"광주광역시 서구 운천로 32번길 23 (금호동, 시영3단지) 상가2층",광주진보연대,062-385-7789,,129.6,http://cafe.daum.net/sokkupnolitoy,35.1371567139,126.8621307315,2020-03-17,3600000,광주광역시 서구
내방마루작은도서관,광주광역시,서구,작은도서관,"매주 일요일, 국가지정 공휴일",10:00,18:00,10:00,18:00,10:00,18:00,6,4098,0,0,2,7,광주광역시 서구 화운로193번길 25,,062-442-9115,,39.0,,35.1549183542,126.8731548315,2020-03-17,3600000,광주광역시 서구
건강한 도서관,광주광역시,서구,작은도서관,무휴,10:00,19:00,10:00,19:00,10:00,19:00,20,10000,0,0,2,7,광주광역시 서구 대남대로 419번길 2,,062-651-3632,,67.25,,35.148064,126.888054,2020-03-17,3600000,광주광역시 서구
예일작은도서관,광주광역시,서구,작은도서관,"매주토요일, 매주일요일, 국가지정공휴일",09:00,18:00,09:00,18:00,09:00,18:00,12,6000,0,0,10,7,광주광역시 서구 대남대로 479,대한예수교장로회 예일교회,070-7206-9014,,57.67,,35.152237,126.884575,2020-03-17,3600000,광주광역시 서구
서문작은도서관,광주광역시,서구,작은도서관,"매주토요일, 매주일요일, 국가지정공휴일",09:00,18:00,09:00,18:00,09:00,18:00,10,5000,0,0,0,0,광주광역시 서구 월산로 166,서문교회,062-367-7511,,92.56,,35.1530103917,126.89503500000001,2020-03-17,3600000,광주광역시 서구
열린작은도서관,광주광역시,서구,작은도서관,"매주일요일,국가지정공휴일",10:00,18:00,10:00,18:00,10:00,18:00,30,5589,150,100,3,7,광주광역시 서구 화정로 294번길 5-11,열린작은도서관,062-361-8830,191.0,99.12,,35.149547999999996,126.88915359999999,2020-03-17,3600000,광주광역시 서구
강아지똥어린이도서관,광주광역시,서구,작은도서관,"매주월요일, 매주일요일, 국가지정공휴일",09:00,17:00,09:00,17:00,09:00,17:00,20,5827,0,0,3,28,광주광역시 서구 동천로 6,,062-515-9788,,45.0,,35.169044,126.86030600000001,2020-03-17,3600000,광주광역시 서구
동천마을6단지작은도서관,광주광역시,서구,작은도서관,"매주일요일, 국가지정공휴일",09:00,18:00,09:00,18:00,09:00,18:00,20,2584,1197,0,5,14,광주광역시 서구 하남대로 710번길 5,,062-531-4300,62.0,69.172,,35.1710862622,126.87082451299999,2020-03-17,3600000,광주광역시 서구
작은도서관 동천마을 두잇공동체,광주광역시,서구,작은도서관,"매주토요일, 매주일요일, 국가지정공휴일",10:00,18:00,10:00,18:00,10:00,18:00,15,1200,0,0,0,0,광주광역시 서구 동천로18번길 15,,062-513-3389,43.0,13.0,,35.170204,126.862211069,2020-03-17,3600000,광주광역시 서구
여성친화 휴(休) 도서관,광주광역시,서구,작은도서관,"매주일요일, 국가지정공휴일",10:00,17:00,10:00,17:00,10:00,17:00,36,2532,2,0,5,14,광주광역시 서구 천변우하로 381-1(2층),광주여성회,062-514-0308,,123.69,,35.169014273,126.86207160000001,2020-03-17,3600000,광주광역시 서구
호반베르디움 작은도서관,광주광역시,서구,작은도서관,"매주토요일, 매주일요일, 국가지정공휴일",09:00,18:00,09:00,18:00,09:00,18:00,20,4000,0,0,5,21,광주광역시 서구 하남대로680번길 10,,062-513-3154,,50.0,,35.1707303833,126.86517842399999,2020-03-17,3600000,광주광역시 서구
서광작은도서관,광주광역시,서구,작은도서관,"매주 일요일, 국가지정공휴일",10:00,20:00,10:00,20:00,10:00,20:00,50,3369,100,200,3,14,광주광역시 서구 월드컵4강로 197번길 37-2,,062-372-2634,,60.5,,35.153538,126.86518899999999,2020-03-17,3600000,광주광역시 서구
책마을작은도서관,광주광역시,서구,작은도서관,"매주토요일, 매주일요일, 국가지정공휴일",09:00,18:00,09:00,18:00,09:00,18:00,10,1500,0,0,0,0,광주광역시 서구 상무민주로123번길 9-5,,062-654-3927,,107.0,,35.161263,126.85846640000001,2020-03-17,3600000,광주광역시 서구
우리들의 쉼터 작은도서관,광주광역시,서구,작은도서관,주일과 국가지정 공휴일,10:00,18:00,10:00,18:00,10:00,18:00,20,20000,0,0,3,7,광주광역시 서구 운천로113번길 7-1,,062-367-3927,60.0,190.0,,35.1422883536,126.856839,2020-03-17,3600000,광주광역시 서구
책더하기사랑작은도서관,광주광역시,서구,작은도서관,"매주일요일, 국가지정공휴일",09:00,18:00,09:00,18:00,09:00,18:00,12,17000,0,0,0,0,광주광역시 서구 상무대로 980,광주카톨릭대학교 평생교육원,062-380-2210,,65.75,,35.1490426135,126.8674705098,2020-03-17,3600000,광주광역시 서구
푸른빛작은도서관,광주광역시,서구,작은도서관,국가지정공휴일,09:00,20:00,09:00,20:00,09:00,20:00,20,3600,0,0,3,14,광주광역시 서구 쌍학로 47,쌍촌종합사회복지관,062-375-0035,50.0,49.5,http://www.ssangchon.or.kr,35.1473819834,126.8688295917,2020-03-17,3600000,광주광역시 서구
행복도서관,광주광역시,서구,작은도서관,"매주토요일, 매주일요일,국가지정공휴일",09:00,18:00,09:00,18:00,09:00,18:00,20,6461,0,0,3,7,광주광역시 서구 상무자유로 73,,062-613-7995,,132.0,,35.152218,126.842224,2020-03-17,3600000,광주광역시 서구
광천사랑숲작은도서관,광주광역시,서구,작은도서관,매주 월요일,09:00,18:00,09:00,18:00,09:00,18:00,65,9200,2,50,2,3,광주광역시 서구 칠성로43번길 11,,062-714-3177,282.0,282.39,,35.167484,126.8622288511,2020-03-17,3600000,광주광역시 서구
꿈일굼터 작은도서관,광주광역시,서구,작은도서관,"매주일요일, 국가지정공휴일",10:00,18:00,10:00,18:00,10:00,18:00,36,4471,0,0,2,14,광주광역시 서구 화정로 87-1,시영종합사회복지관,062-373-0360,84.0,84.0,,35.1461111391,126.8672399,2020-03-17,3600000,광주광역시 서구
상무작은도서관,광주광역시,서구,작은도서관,"매주일요일, 국가지정공휴일",13:00,20:00,13:00,20:00,13:00,20:00,15,20000,0,0,2,7,광주광역시 서구 상무대로955번길 37-11,,062-381-3087,,50.0,,35.1551845915,126.8659606,2020-03-17,3600000,광주광역시 서구
신천힐탑작은도서관,광주광역시,서구,작은도서관,"매주일요일, 국가지정공휴일",11:00,18:00,11:00,18:00,11:00,18:00,30,3000,0,0,2,3,광주광역시 서구 상무오월로51번길 2,,062-371-8404,,77.94,,35.1553642595,126.86538816059999,2020-03-17,3600000,광주광역시 서구
운천골 작은도서관,광주광역시,서구,작은도서관,"매주일요일, 국가지정공휴일",09:00,18:00,09:00,18:00,09:00,18:00,50,5000,0,0,0,0,광주광역시 서구 마륵복개로 156,,062-681-7722,,53.9,,35.1464671128,126.853815,2020-03-17,3600000,광주광역시 서구
브니엘작은도서관,광주광역시,서구,작은도서관,"매주토요일, 국가지정공휴일",11:00,20:00,11:00,20:00,11:00,20:00,12,4164,5,10,10,14,광주광역시 서구 천변좌로 108번길 5,브니엘교회,062-352-3927,,33.0,,35.160137,126.89114256149999,2020-03-17,3600000,광주광역시 서구
나눔새마을작은도서관,광주광역시,서구,작은도서관,"매주토요일, 매주일요일,국가지정공휴일",09:00,18:00,09:00,18:00,09:00,18:00,20,1092,0,0,0,0,광주광역시 서구 천변좌로222번길 4,새마을문고광주광역시서구지부,062-366-6630,,46.5,,35.1551245746,126.9009960625,2020-03-17,3600000,광주광역시 서구
양동문고,광주광역시,서구,작은도서관,"매주일요일, 국가지정공휴일",12:00,20:30,12:00,20:30,12:00,20:30,21,3700,2,10,3,14,광주광역시 서구 독립로 193,,062-352-3234,,66.0,,35.1503979564,126.90565933799999,2020-03-17,3600000,광주광역시 서구
광주천사계작은도서관,광주광역시,서구,작은도서관,"매주일요일, 국가지정공휴일",09:00,18:00,09:00,18:00,09:00,18:00,29,20000,0,0,0,0,광주광역시 서구 칠성로 11-1,사단법인 꿈과도전,062-383-2006,,79.0,http://caf?.daum.net/youthdreamchallenge,35.166683,126.85883840000001,2020-03-17,3600000,광주광역시 서구
기아꿈터어린이도서관,광주광역시,서구,작은도서관,"매주일요일, 국가지정공휴일",10:00,18:00,10:00,18:00,10:00,18:00,50,5500,0,0,0,0,광주광역시 서구 화운로 277,기아자동차㈜,062-370-1811,,132.0,,35.1631791805,126.87047699860001,2020-03-17,3600000,광주광역시 서구
버들도서관,광주광역시,서구,작은도서관,"매주토요일, 매주일요일, 국가지정공휴일",10:00,17:00,10:00,17:00,10:00,17:00,24,5626,0,0,5,14,광주광역시 서구 상무버들로 15,상무버들2단지자치회,062-373-6959,,130.0,,35.1641237654,126.86069344629999,2020-03-17,3600000,광주광역시 서구
상무버들1단지 작은도서관,광주광역시,서구,작은도서관,"매주일요일, 국가지정공휴일",09:00,18:00,09:00,18:00,09:00,18:00,23,2000,0,10,5,14,광주광역시 서구 상무버들로 40번길 14,,062-350-4545,,35.0,,35.165065401199996,126.86123187940001,2020-03-17,3600000,광주광역시 서구
광주제일교회도서관,광주광역시,서구,작은도서관,"매주월요일, 국가지정공휴일",10:00,18:00,10:00,18:00,10:00,18:00,84,10300,0,0,3,14,광주광역시 서구 상무공원로 56,,062-382-1004,,165.0,,35.149506,126.843544,2020-03-17,3600000,광주광역시 서구
발도르프희망작은도서관,광주광역시,서구,작은도서관,"매주일요일, 국가지정공휴일",09:00,18:00,09:00,18:00,09:00,18:00,8,2500,0,0,3,7,광주광역시 서구 동림2지구길 6,,062-522-4220,,246.0,,35.1698125393,126.873276,2020-03-17,3600000,광주광역시 서구
보나담 금호대우 작은도서관,광주광역시,서구,작은도서관,"매주일요일, 국가지정공휴일",09:00,18:00,09:00,18:00,09:00,18:00,7,4460,0,0,2,7,광주광역시 서구 치평로 107,,062-385-3800,,115.5,,35.1567888708,126.8446820339,2020-03-17,3600000,광주광역시 서구
좋은씨앗작은도서관,광주광역시,서구,작은도서관,무휴,08:00,00:00,08:00,00:00,08:00,00:00,30,2416,2,0,2,5,광주광역시 서구 상무자유로181-7,,062-600-7004,,60.0,,35.152737,126.8538909444,2020-03-17,3600000,광주광역시 서구
신동아 아파트 작은도서관,광주광역시,서구,작은도서관,"매주일요일, 국가지정공휴일",10:00,18:00,10:00,18:00,10:00,18:00,6,2000,0,0,3,7,광주광역시 서구 월드컵4강로 28번길 60,,062-366-8661,,33.64,,35.140506148600004,126.8826894,2020-03-17,3600000,광주광역시 서구
아이꿈어린이도서관,광주광역시,서구,작은도서관,"매주일요일, 국가지정공휴일",13:00,19:00,13:00,19:00,13:00,19:00,10,12000,0,0,3,7,광주광역시 서구 염화로 73,,062-575-7724,,49.97,,35.1411027833,126.8736508,2020-03-17,3600000,광주광역시 서구
지혜의쉼터작은도서관,광주광역시,서구,작은도서관,"매주일요일, 국가지정공휴일",09:30,18:00,09:30,18:00,00:00,00:00,60,9000,0,0,3,7,광주광역시 서구 화운로 24 (화정동) 유니버시아드 힐스테이트 3단지,,070-4223-1173,,131.99,,35.1425072673,126.8865352675,2020-03-17,3600000,광주광역시 서구
움터작은도서관,광주광역시,서구,작은도서관,국가지정공휴일,09:00,20:00,09:00,20:00,00:00,00:00,70,3100,0,0,3,7,광주광역시 서구 화개중앙로 114번길 16,만남의 교회,062-384-5656,,233.1,,35.1274271,126.8530642,2020-03-17,3600000,광주광역시 서구
엘림작은도서관,광주광역시,서구,작은도서관,"매주일요일, 국가지정공휴일",10:00,18:00,00:00,00:00,00:00,00:00,16,1000,0,0,3,7,광주광역시 서구 풍금로 24번길 17,엘림교회,062-681-1191,,112.28,,35.1225594,126.8663524,2020-03-17,3600000,광주광역시 서구
풍암호수작은도서관,광주광역시,서구,작은도서관,"매주 월요일, 국가지정공휴일",10:00,18:00,10:00,18:00,00:00,00:00,30,1944,0,0,1,15,광주광역시 서구 회재로 965,대한독서문화예술협회,062-655-7755,,33.0,,35.129206484,126.8684286566,2020-03-17,3600000,광주광역시 서구
서창한옥작은도서관,광주광역시,서구,작은도서관,"매주월요일, 국가지정공휴일",10:00,18:00,10:00,18:00,00:00,00:00,38,1500,0,0,3,7,광주광역시 서구 눌재로 420,오색종이신나는작은도서관,062-385-9073,,66.87,,35.1152094,126.83004397299999,2020-03-17,3600000,광주광역시 서구
사과나무작은도서관,광주광역시,서구,작은도서관,"매주일요일, 국가지정공휴일",10:00,18:00,10:00,18:00,00:00,00:00,20,1967,0,0,3,7,광주광역시 서구 화정로 260번길 12-1,,062-384-7149,,57.72,,35.1469118,126.8856663,2020-03-17,3600000,광주광역시 서구
작은도서관 봄,광주광역시,서구,작은도서관,"매주일요일, 국가지정공휴일",11:00,20:00,10:00,16:00,00:00,00:00,20,2172,0,0,3,7,광주광역시 서구 풍암신흥로 36,,062-457-0500,,66.0,,35.120389780500005,126.8671790438,2020-03-17,3600000,광주광역시 서구
에바다작은도서관,광주광역시,서구,작은도서관,"매주일요일, 국가지정공휴일",10:00,17:00,10:00,15:00,00:00,00:00,10,3000,0,0,3,7,광주광역시 서구 죽봉대로 119번길 8-1,,062-384-5656,,60.5,,35.1646377355,126.8830793,2020-03-17,3600000,광주광역시 서구
다독다독작은도서관,광주광역시,서구,작은도서관,국가지정공휴일,10:00,19:00,10:00,18:00,00:00,00:00,80,5800,0,0,3,14,광주광역시 서구 화정로 272번길 13,,062-369-9446,,131.15,,35.1475157079,126.8870462911,2020-03-17,3600000,광주광역시 서구
온가족그림책작은도서관,광주광역시,서구,작은도서관,"매주토요일, 매주일요일, 국가지정공휴일",14:00,20:00,00:00,00:00,00:00,00:00,8,6100,0,0,0,0,광주광역시 서구 상무평화로 62,온가족그림책작은도서관,062-449-0142,,54.06,,35.14779088,126.8456121752,2020-03-17,3600000,광주광역시 서구
꿈꾸는터전작은도서관,광주광역시,서구,작은도서관,"매주월요일, 토요일, 국가지정공휴일",10:00,18:00,10:00,14:00,00:00,00:00,50,2500,0,0,0,0,"광주광역시 서구 치평로 80, 406호",꿈꾸는터전작은도서관,,,83.37,,35.154557339600004,126.8477065909,2020-03-17,3600000,광주광역시 서구
마음나눔북카페작은도서관,광주광역시,서구,작은도서관,국가지정공휴일,10:00,18:00,10:00,17:00,00:00,00:00,10,1000,0,0,0,0,광주광역시 서구 풍암금당길 158,마음나눔북카페작은도서관,062-681-7001,,165.0,,35.1213162508,126.884676,2020-03-17,3600000,광주광역시 서구
작은도서관놀이정원,광주광역시,서구,작은도서관,"매주일요일, 국가지정공휴일",10:00,15:00,10:00,15:00,00:00,00:00,8,1300,0,0,0,0,광주광역시 서구 화정로 179번길 24-18,작은도서관놀이정원,,,61.23,,35.1471670986,126.87708238229999,2020-03-17,3600000,광주광역시 서구
신일작은도서관,광주광역시,서구,작은도서관,"매주 토요일, 일요일, 국가지정공휴일",17:00,22:00,10:00,15:00,00:00,00:00,24,1000,0,0,0,0,"광주광역시 서구 화운로 311, 1층",경덕작은도서관,,,149.32,,35.166874479099995,126.87714054860001,2020-03-17,3600000,광주광역시 서구
